<?xml version="1.0" encoding="UTF-8"?>
<!--
/*
###############################################################################
# If you use PhysiCell in your project, please cite PhysiCell and the version #
# number, such as below:                                                      #
#                                                                             #
# We implemented and solved the model using PhysiCell (Version x.y.z) [1].    #
#                                                                             #
# [1] A Ghaffarizadeh, R Heiland, SH Friedman, SM Mumenthaler, and P Macklin, #
#     PhysiCell: an Open Source Physics-Based Cell Simulator for Multicellu-  #
#     lar Systems, PLoS Comput. Biol. 14(2): e1005991, 2018                   #
#     DOI: 10.1371/journal.pcbi.1005991                                       #
#                                                                             #
# See VERSION.txt or call get_PhysiCell_version() to get the current version  #
#     x.y.z. Call display_citations() to get detailed information on all cite-#
#     able software used in your PhysiCell application.                       #
#                                                                             #
# Because PhysiCell extensively uses BioFVM, we suggest you also cite BioFVM  #
#     as below:                                                               #
#                                                                             #
# We implemented and solved the model using PhysiCell (Version x.y.z) [1],    #
# with BioFVM [2] to solve the transport equations.                           #
#                                                                             #
# [1] A Ghaffarizadeh, R Heiland, SH Friedman, SM Mumenthaler, and P Macklin, #
#     PhysiCell: an Open Source Physics-Based Cell Simulator for Multicellu-  #
#     lar Systems, PLoS Comput. Biol. 14(2): e1005991, 2018                   #
#     DOI: 10.1371/journal.pcbi.1005991                                       #
#                                                                             #
# [2] A Ghaffarizadeh, SH Friedman, and P Macklin, BioFVM: an efficient para- #
#     llelized diffusive transport solver for 3-D biological simulations,     #
#     Bioinformatics 32(8): 1256-8, 2016. DOI: 10.1093/bioinformatics/btv730  #
#                                                                             #
###############################################################################
#                                                                             #
# BSD 3-Clause License (see https://opensource.org/licenses/BSD-3-Clause)     #
#                                                                             #
# Copyright (c) 2015-2018, Paul Macklin and the PhysiCell Project             #
# All rights reserved.                                                        #
#                                                                             #
# Redistribution and use in source and binary forms, with or without          #
# modification, are permitted provided that the following conditions are met: #
#                                                                             #
# 1. Redistributions of source code must retain the above copyright notice,   #
# this list of conditions and the following disclaimer.                       #
#                                                                             #
# 2. Redistributions in binary form must reproduce the above copyright        #
# notice, this list of conditions and the following disclaimer in the         #
# documentation and/or other materials provided with the distribution.        #
#                                                                             #
# 3. Neither the name of the copyright holder nor the names of its            #
# contributors may be used to endorse or promote products derived from this   #
# software without specific prior written permission.                         #
#                                                                             #
# THIS SOFTWARE IS PROVIDED BY THE COPYRIGHT HOLDERS AND CONTRIBUTORS "AS IS" #
# AND ANY EXPRESS OR IMPLIED WARRANTIES, INCLUDING, BUT NOT LIMITED TO, THE   #
# IMPLIED WARRANTIES OF MERCHANTABILITY AND FITNESS FOR A PARTICULAR PURPOSE  #
# ARE DISCLAIMED. IN NO EVENT SHALL THE COPYRIGHT HOLDER OR CONTRIBUTORS BE   #
# LIABLE FOR ANY DIRECT, INDIRECT, INCIDENTAL, SPECIAL, EXEMPLARY, OR         #
# CONSEQUENTIAL DAMAGES (INCLUDING, BUT NOT LIMITED TO, PROCUREMENT OF        #
# SUBSTITUTE GOODS OR SERVICES; LOSS OF USE, DATA, OR PROFITS; OR BUSINESS    #
# INTERRUPTION) HOWEVER CAUSED AND ON ANY THEORY OF LIABILITY, WHETHER IN     #
# CONTRACT, STRICT LIABILITY, OR TORT (INCLUDING NEGLIGENCE OR OTHERWISE)     #
# ARISING IN ANY WAY OUT OF THE USE OF THIS SOFTWARE, EVEN IF ADVISED OF THE  #
# POSSIBILITY OF SUCH DAMAGE.                                                 #
#                                                                             #
###############################################################################
*/
--> 

<!--
<user_details />
-->

<PhysiCell_settings version="devel-version">
	<domain>
		<x_min>-500</x_min>
		<x_max>500</x_max>
		<y_min>-500</y_min>
		<y_max>500</y_max>
		<z_min>-10</z_min>
		<z_max>10</z_max>
		<dx>20</dx>
		<dy>20</dy>
		<dz>20</dz>
		<use_2D>true</use_2D>
	</domain>
		
	<overall>
		<max_time units="min">720</max_time> <!-- 12h * 60 min -->
		<time_units>min</time_units>
		<space_units>micron</space_units>
		<dt_diffusion units="min">0.005</dt_diffusion>  <!-- 0.01 -->
		<dt_mechanics units="min">0.05</dt_mechanics> <!-- 0.1 -->
		<dt_phenotype units="min">3</dt_phenotype>  <!-- 6 min -->
	</overall>
	
	<parallel>
		<omp_num_threads>8</omp_num_threads>
	</parallel> 
		
	<save>
		<folder>output</folder> <!-- use . for root --> 

		<full_data>
			<interval units="min">30</interval>
			<enable>true</enable>
		</full_data>
		
		<SVG>
			<interval units="min">30</interval>
			<enable>true</enable>
		</SVG>
		
		<legacy_data>
			<enable>false</enable>
		</legacy_data>
	</save>
	
	<microenvironment_setup>
		<variable name="oxygen" units="mmHg" ID="0">
			<physical_parameter_set>
				<diffusion_coefficient units="micron^2/min">100000.00</diffusion_coefficient>
				<decay_rate units="1/min">.1</decay_rate>  
			</physical_parameter_set>
			<initial_condition units="mmHg">38.0</initial_condition>
			<Dirichlet_boundary_condition units="mmHg" enabled="false">38.0</Dirichlet_boundary_condition>
		</variable>
		<variable name="glucose" units="pmol" ID="1">
			<physical_parameter_set>
			<!-- https://bionumbers.hms.harvard.edu/bionumber.aspx?id=104089&ver=7 --> 
				<diffusion_coefficient units="micron^2/min">600.00</diffusion_coefficient> 
				<decay_rate units="1/min">.1</decay_rate>  
			</physical_parameter_set>
			<initial_condition units="pmol">0.09</initial_condition>
			<Dirichlet_boundary_condition units="pmol" enabled="false">0.09</Dirichlet_boundary_condition>
			<!-- use this block to set Dirichlet boundary conditions on individual boundaries --> 
			<!-- <Dirichlet_options>
				<boundary_value ID="xmin" enabled="false">0</boundary_value>
				<boundary_value ID="xmax" enabled="false">0</boundary_value>
				<boundary_value ID="ymin" enabled="false">0</boundary_value>
				<boundary_value ID="ymax" enabled="false">0</boundary_value>
				<boundary_value ID="zmin" enabled="false">1</boundary_value>
				<boundary_value ID="zmax" enabled="false">0</boundary_value>
			</Dirichlet_options> -->
		</variable>
		<variable name="acetate" units="pmol" ID="2">
			<physical_parameter_set>
				<diffusion_coefficient units="micron^2/min">600.00</diffusion_coefficient>
				<decay_rate units="1/min">.1</decay_rate>  
			</physical_parameter_set>
			<initial_condition units="pmol">0.0</initial_condition>
			<Dirichlet_boundary_condition units="pmol" enabled="false">0.0</Dirichlet_boundary_condition>
		</variable>
		
		<options>
			<calculate_gradients>true</calculate_gradients>
			<track_internalized_substrates_in_each_agent>false</track_internalized_substrates_in_each_agent>
			<!-- not yet supported --> 
			<initial_condition type="matlab" enabled="false">
				<filename>./config/initial.mat</filename>
			</initial_condition>
			<!-- not yet supported --> 
			<dirichlet_nodes type="matlab" enabled="false">
				<filename>./config/dirichlet.mat</filename>
			</dirichlet_nodes>
		</options>
		
	</microenvironment_setup>	
	
	<user_parameters>
		<random_seed type="int" units="dimensionless">50</random_seed> 
		<colony_radius type="double" units="micron">50.0</tumor_radius>
        <!-- PhysiFBA parameters --> 
        <sbml_model type="string" units="">./config/Ecoli_core.xml</sbml_model>

		<oxygen_Km type="double" units="mmol">20</oxygen_Km>
		<oxygen_Vmax type="double" units="mmol/t">40</oxygen_Vmax>
        
		<!-- Km 4.0 mg/L  -->
		<!-- Km 0.032 fg/Voxel  -->
		<!-- Km 0.0001 fmol/Voxel -->
       	<glucose_Km type="double" units="mmol">4.0</glucose_Km>
		<!-- 11 fmol/fgDW -->
        <glucose_Vmax type="double" units="fmol/fgDW">11</glucose_Vmax>
        
		<acetate_Km type="double" units="mmol">1</acetate_Km>
        <acetate_Vmax type="double" units="mmol">1</acetate_Vmax>
		
		<!-- BNID:103904 -->
		<dry_weight type="double" units="fg">280</dry_weight> 
		<doubling_time type="double" units="min">40</doubling_time>
		<cell_radius type="double" units="micron">0.26</cell_radius>

	</user_parameters>
	
</PhysiCell_settings>
