id,idx
01001_AM,1
01002,2
01010_AM,3
01031_AM,4
01036,5
01043_AM,6
01047_AM,7
01051,8
01058_AM,9
0105901,10
0105902,11
0105903,12
0105904,13
0105905,14
0105906,15
01063_AM,16
01901_AM,17
0200301,18
0200302,19
0200303,20
0200304,21
0200305,22
0200306,23
0200307,24
0200308,25
02008_AM,26
02009,27
02010_AM,28
02012_AM,29
02021_AM,30
02024_AM,31
02025,32
02029_AM,33
02030_AM,34
02033_AM,35
02037,36
02045_AM,37
02053_AM,38
02063_AM,39
02067_AM,40
02069_AM,41
02073_AM,42
02074,43
02079_AM,44
02081,45
02086_AM,46
03002_AM,47
03005_AM,48
0300901,49
0300902,50
0300903,51
0300904,52
0300905,53
0300906,54
0300907,55
0300908,56
03011,57
0301401,58
0301402,59
0301403,60
0301404,61
0301405,62
0301406,63
0301407,64
0301408,65
03015,66
03018,67
03019,68
03021,69
03024,70
03026_AM,71
03028_AM,72
0303101,73
0303102,74
0303103,75
0303104,76
03035_AM,77
03041,78
03043_AM,79
03044_AM,80
03046_AM,81
03047,82
03048,83
03049,84
03050,85
03053,86
03055,87
03056,88
03058_AM,89
03059,90
03063,91
03064,92
0306501,93
0306502,94
0306503,95
0306504,96
0306505,97
0306506,98
0306507,99
0306601,100
0306602_AD,101
0306604,102
0306605,103
03069,104
03070_AM,105
03071,106
03076,107
03077_AM,108
03079,109
03081_AM,110
03082,111
03083,112
03088,113
03089,114
03090,115
03092_AM,116
03093,117
03094,118
03095,119
03096,120
03097_AM,121
0309901,122
0309902,123
0309903,124
0309904,125
0309905,126
0309906,127
0309907,128
0309908,129
03101,130
03102,131
03104,132
03105,133
03107,134
03109,135
03111,136
03113,137
03118,138
03119,139
03120,140
03121,141
0312201,142
0312202,143
0312203,144
03123_AM,145
03128_AM,146
0313301,147
0313302,148
0313303,149
03138_AM,150
03139,151
03140,152
03902,153
03903_AM,154
04003,155
04006,156
04011_AM,157
0401301_AD,158
0401303,159
0401304,160
0401305,161
0401306,162
0401307,163
0401308,164
04016_AM,165
04017_AM,166
04024_AM,167
04029,168
04031_AM,169
04032,170
04035,171
04038_AM,172
04045_AM,173
04047_AM,174
04049,175
04050_AM,176
04052,177
04053,178
04057_AM,179
04062_AM,180
04064,181
04066,182
04069,183
04070_AM,184
04075,185
0407901,186
0407902,187
04088_AM,188
04092_AM,189
04093_AM,190
04098_AM,191
04099,192
04100,193
04101,194
04102,195
0490201,196
04903,197
05002_AM,198
05014_AM,199
05016,200
0501901_AD,201
0501904,202
0501905,203
0501906,204
05021_AM,205
05047,206
05054_AM,207
05057_AM,208
05114_AM,209
05132_AM,210
05163_AM,211
05168_AM,212
05186_AM,213
05204_AM,214
05220_AM,215
05238_AM,216
05240_AM,217
05241_AM,218
05242_AM,219
06002,220
06005_AM,221
06006,222
06011,223
06012_AM,224
06014_AM,225
0601501,226
0601502,227
0601503,228
0601504,229
0601505,230
0601506,231
0601507,232
0601508,233
0601509,234
0601510,235
06016_AM,236
06019_AM,237
06022_AM,238
06023_AM,239
06025,240
06028_AM,241
06036_AM,242
06044_AM,243
06050_AM,244
06052_AM,245
06054,246
06055_AM,247
06060_AM,248
06063_AM,249
06066_AM,250
06069_AM,251
06070_AM,252
06072_AM,253
06074_AM,254
0608301,255
0608302_AD,256
0608303,257
0608304,258
0608306,259
06085_AM,260
06088_AM,261
06091_AM,262
06093_AM,263
06094_AM,264
06095_AM,265
06103,266
06108_AM,267
06109_AM,268
06113_AM,269
06117_AM,270
06120_AM,271
06121_AM,272
06122,273
06123_AM,274
06125_AM,275
06127_AM,276
06128_AM,277
06149,278
06153,279
06154_AM,280
06155_AM,281
06158,282
06162_AM,283
07001,284
07002,285
07003,286
07004,287
07005,288
07006,289
07008,290
07010,291
07011,292
07012_AM,293
07013,294
07014,295
07015,296
07016,297
07020,298
07022,299
07023_AM,300
07024,301
07026,302
07027,303
07029,304
07030_AM,305
07031,306
07032,307
07033,308
07036,309
07037,310
07038_AM,311
07039,312
0704001,313
0704002,314
0704003,315
0704004,316
0704005,317
07042,318
07043,319
07044,320
07045_AM,321
07046,322
07047_AM,323
07048,324
07050,325
07051,326
07052,327
07054,328
07055,329
07056,330
07057,331
07058_AM,332
07059,333
07060_AM,334
07061,335
07062,336
07064,337
07065_AM,338
08001,339
08003,340
08005,341
08006,342
08007,343
08009,344
08010_AM,345
08014_AM,346
0801501,347
0801502,348
0801503,349
0801504,350
0801505,351
0801506,352
0801507,353
0801508,354
0801509,355
08016_AM,356
08017_AM,357
08018_AM,358
0801901,359
0801902,360
0801903,361
0801904,362
0801905,363
0801906,364
0801907,365
0801908,366
0801909,367
0801910,368
08020,369
08022,370
08023,371
08029,372
08030,373
08031_AM,374
08033,375
08035,376
08037_AM,377
08040,378
08041,379
08043_AM,380
08044_AM,381
08046,382
08047_AM,383
08051_AM,384
08053_AM,385
08054,386
0805601,387
0805602,388
0805603,389
0805604,390
0805605,391
08064_AM,392
08067,393
08068_AM,394
08069,395
08072,396
0807301,397
0807302,398
0807303,399
0807304,400
0807305,401
0807306,402
08074,403
08075,404
08076,405
08077,406
08085_AM,407
08086,408
08088,409
08089,410
08091_AM,411
08092_AM,412
08094_AM,413
0809601,414
0809602,415
0809603,416
0809604,417
08098_AM,418
08100_AM,419
0810101,420
0810102,421
0810103,422
0810104,423
0810105,424
0810106,425
08102,426
08105,427
08106,428
08107,429
08108,430
08110,431
08112,432
0811301_AD,433
0811302,434
0811304,435
0811305,436
08114,437
08115_AM,438
08118,439
08119,440
08120,441
0812101,442
0812102,443
0812103,444
0812104,445
0812105,446
0812106,447
08122_AM,448
08123,449
0812401,450
0812402,451
0812403,452
08125,453
08126,454
08135,455
08136,456
08138,457
08140,458
08141,459
08143_AM,460
08145_AM,461
08147,462
08155_AM,463
08156,464
08157,465
08158,466
08159,467
08161,468
08162_AM,469
08163,470
08167,471
0816901,472
0816902,473
0816903,474
0816904,475
0816905,476
08171_AM,477
08172,478
08175_AM,479
08180,480
08181,481
08182,482
08183,483
0818401,484
0818402,485
0818403,486
0818404,487
0818701,488
0818702,489
0818703,490
0818704,491
0818705,492
0818706,493
0818707,494
08191,495
08192,496
08194,497
08196,498
08197,499
08198,500
0820001,501
0820002,502
0820003,503
0820004,504
0820005,505
0820006,506
08202,507
08203_AM,508
08204,509
0820501,510
0820502,511
0820503,512
0820504_AD,513
0820505,514
08208_AM,515
08209,516
08210,517
08211,518
08213,519
08214,520
08215_AM,521
08217,522
08218_AM,523
08219,524
08220_AM,525
08221,526
08227_AM,527
08230,528
08231,529
08232_AM,530
08233_AM,531
08234_AM,532
08235,533
08237_AM,534
08238,535
08240,536
08244,537
0824501,538
0824502,539
0824503,540
0824504,541
0824505,542
0824506,543
08248,544
08250,545
08251,546
08252,547
08259,548
08260,549
08262_AM,550
08263,551
08264_AM,552
08266,553
08267,554
08268_AM,555
08269_AM,556
08270,557
08273_AM,558
08274,559
08278_AM,560
0827901,561
0827902,562
0827903_AD,563
0827904,564
0827905,565
0827906,566
08281,567
08282,568
08283,569
08284_AM,570
08285,571
08286_AM,572
08288_AM,573
08289,574
08291,575
08295,576
08298,577
08300_AM,578
0830101,579
0830102,580
08302,581
08305,582
0830701,583
0830702,584
0830703,585
0830704,586
08902_AM,587
08904,588
09018,589
09048_AM,590
09056,591
0905901_AD,592
0905903,593
0905905,594
0905906,595
0905907,596
0905908,597
0905909,598
09073_AM,599
09109_AM,600
09141_AM,601
09174_AM,602
09177_AM,603
09194_AM,604
09209_AM,605
09211_AM,606
09219,607
09238_AM,608
09289_AM,609
09321_AM,610
09330_AM,611
09350_AM,612
09363_AM,613
09410,614
09413_AM,615
09434_AM,616
09439_AM,617
09903_AM,618
09907_AM,619
10006_AM,620
10010_AM,621
10018_AM,622
10019_AM,623
10020_AM,624
10021,625
10035_AM,626
1003701,627
1003702,628
1003703,629
1003704,630
1003705,631
1003706_AD,632
10049_AM,633
10050_AM,634
10061_AM,635
10064_AM,636
10067,637
10087_AM,638
10089_AM,639
10096_AM,640
10104,641
10105_AM,642
10109_AM,643
10110_AM,644
10113_AM,645
10115,646
10116_AM,647
10121,648
10127,649
10128,650
10131,651
10140_AM,652
10146_AM,653
10147_AM,654
10148,655
10175_AM,656
10177_AM,657
10180_AM,658
10184_AM,659
10186_AM,660
10189_AM,661
10195_AM,662
10203,663
10205_AM,664
10212_AM,665
10216_AM,666
11001,667
11002_AM,668
1100401,669
1100402,670
1100403,671
1100404,672
11005_AM,673
11006,674
11007,675
11008,676
11010_AM,677
11011_AM,678
1101201,679
1101202,680
1101203,681
1101204,682
1101205,683
1101206_AD,684
1101208,685
1101209,686
1101210,687
11014,688
1101501,689
1101502,690
1101503,691
1101504,692
1101505,693
11016,694
1102001,695
1102002,696
1102003,697
1102004,698
1102005,699
1102006,700
1102007,701
1102008_AD,702
1102009,703
11021_AM,704
1102201,705
1102202,706
1102203,707
1102204,708
1102205,709
1102206,710
1102207,711
11023,712
11024_AM,713
11025,714
11026_AM,715
1102701,716
1102702,717
1102703,718
1102704,719
11028,720
11029,721
11030,722
1103101,723
1103102_AD,724
1103104,725
1103105,726
1103106,727
1103201,728
1103202,729
1103203_AD,730
1103205,731
11033,732
11035,733
11037,734
11038,735
11039,736
11041,737
11901,738
11902_AM,739
12004,740
12005,741
12009,742
12011_AM,743
12012_AM,744
12016_AM,745
12021,746
12027,747
12028,748
12031_AM,749
12032,750
12033_AM,751
1204001_AD,752
1204003,753
1204004,754
1204005,755
1204006,756
1204007,757
1204008,758
1204009,759
12050_AM,760
12072_AM,761
12077_AM,762
12080_AM,763
12082_AM,764
12084,765
12085,766
12089,767
12100_AM,768
12104,769
12106_AM,770
12117,771
12121_AM,772
12124_AM,773
12126,774
12129_AM,775
1213501,776
1213502,777
1213503,778
1213504,779
12138,780
12140_AM,781
12901,782
13005,783
13011,784
13013_AM,785
13015,786
13019,787
13020_AM,788
13023,789
13027_AM,790
13028_AM,791
13031_AM,792
1303401_AD,793
1303402,794
1303403,795
1303404,796
13038_AM,797
13039,798
13042_AM,799
13044_AM,800
13047,801
13052,802
13053_AM,803
13054,804
13056,805
13058,806
13061,807
13063_AM,808
13064_AM,809
13065_AM,810
13068_AM,811
13071,812
13077_AM,813
13078,814
13079,815
13082,816
13085_AM,817
13087,818
13089_AM,819
13092_AM,820
13093_AM,821
13096,822
13097_AM,823
14001_AM,824
14002,825
14005_AM,826
14007_AM,827
14008_AM,828
14009_AM,829
14010_AM,830
14012_AM,831
14013,832
14017,833
14019,834
1402101,835
1402102,836
1402103,837
1402104,838
1402105,839
1402106,840
1402107,841
1402108,842
1402109,843
1402110,844
14022_AM,845
14023_AM,846
14027,847
14029_AM,848
14030_AM,849
14035,850
14038,851
14039_AM,852
14041_AM,853
14042,854
14043_AM,855
14045_AM,856
14046,857
14049,858
14052,859
14053_AM,860
14054,861
14055_AM,862
14056,863
14057_AM,864
14058_AM,865
14060_AM,866
14066,867
14067_AM,868
14069_AM,869
14073_AM,870
15001,871
15002,872
15004,873
15005,874
15006_AM,875
15008,876
15009,877
15010_AM,878
15011,879
15012_AM,880
15013,881
15014_AM,882
15016,883
15017,884
15019,885
15020_AM,886
15021,887
15022_AM,888
15023_AM,889
15024_AM,890
15029,891
1503001,892
1503002,893
1503003,894
1503004,895
1503005,896
1503006,897
1503007,898
1503008,899
1503009,900
1503010,901
15031,902
15032_AM,903
15035_AM,904
1503601,905
1503602,906
1503603_AD,907
1503606,908
1503607,909
1503608,910
15037,911
15041,912
15043,913
15046,914
15047_AM,915
15048,916
15050_AM,917
15051,918
15052_AM,919
15053,920
15054,921
15055_AM,922
15056,923
15057,924
15058,925
15059,926
15060,927
15061_AM,928
15062,929
15064_AM,930
15065,931
15066,932
15067,933
15068,934
15069,935
15070_AM,936
15071,937
15072,938
15073,939
15074_AM,940
15075,941
15077,942
1507801,943
1507802,944
1507803,945
1507804,946
1507805,947
1507806,948
15082,949
15087,950
15088_AM,951
15089,952
15092,953
15093,954
15902,955
16023_AM,956
16027_AM,957
16042_AM,958
16066_AM,959
1607801_AD,960
1607804,961
16102_AM,962
16106_AM,963
16112_AM,964
16113_AM,965
16117_AM,966
16124_AM,967
16125_AM,968
16133,969
16134,970
16154,971
16170_AM,972
16171_AM,973
16175,974
16190,975
16191_AM,976
16203,977
16249_AM,978
16251_AM,979
16903_AM,980
16905_AM,981
17006_AM,982
17007_AM,983
17008,984
17009,985
17012_AM,986
17013_AM,987
17015,988
17016_AM,989
17019_AM,990
17020_AM,991
17022,992
17023,993
17032_AM,994
17033,995
17034,996
17036_AM,997
17039_AM,998
17044,999
17047,1000
17048,1001
17049_AM,1002
17056_AM,1003
17062,1004
17066,1005
17067_AM,1006
1707901,1007
1707902,1008
1707903,1009
1707904_AD,1010
1707906,1011
17083_AM,1012
17086_AM,1013
17089,1014
17092_AM,1015
17094,1016
17095,1017
17103,1018
17111_AM,1019
17114,1020
17117,1021
17118,1022
17132_AM,1023
17137_AM,1024
17141,1025
17142_AM,1026
17146_AM,1027
17147,1028
17152,1029
17155,1030
17160,1031
17163_AM,1032
17164_AM,1033
17167_AM,1034
17178_AM,1035
17180_AM,1036
17181,1037
17185_AM,1038
17186,1039
17193,1040
17199,1041
17202,1042
17207_AM,1043
17211_AM,1044
17213,1045
17221,1046
17223_AM,1047
17233_AM,1048
17901_AM,1049
17902_AM,1050
18003,1051
18006,1052
18011_AM,1053
18013_AM,1054
18014_AM,1055
18017,1056
18021,1057
18022,1058
18023,1059
18027_AM,1060
18029_AM,1061
18036,1062
18047,1063
18056_AM,1064
18057,1065
18059,1066
18061_AM,1067
18062,1068
18063_AM,1069
18066_AM,1070
18071_AM,1071
18079_AM,1072
18084,1073
1808701,1074
1808702,1075
1808703,1076
1808704_AD,1077
1808706,1078
1808707,1079
1808709,1080
18088_AM,1081
18089,1082
18093,1083
18094_AM,1084
18098,1085
18099_AM,1086
18100,1087
18101,1088
18102_AM,1089
18105,1090
18108_AM,1091
18116_AM,1092
18119_AM,1093
18122_AM,1094
18127,1095
18132_AM,1096
18133_AM,1097
18134,1098
18135_AM,1099
18136_AM,1100
18138_AM,1101
1814001,1102
1814002,1103
1814003,1104
1814004,1105
1814005_AD,1106
18145,1107
18147,1108
18149_AM,1109
18150,1110
18152_AM,1111
18153,1112
18158,1113
18162_AM,1114
18164_AM,1115
18165,1116
18173,1117
18175,1118
18182_AM,1119
18184_AM,1120
18193,1121
18194_AM,1122
18903_AM,1123
18905,1124
18907_AM,1125
18911,1126
19024,1127
19046_AM,1128
19053_AM,1129
19058_AM,1130
19071_AM,1131
19086_AM,1132
1913001,1133
1913002,1134
1913003,1135
1913004,1136
1913005,1137
19151_AM,1138
19156_AM,1139
19160_AM,1140
19171,1141
19190_AM,1142
19192_AM,1143
19220_AM,1144
19245_AM,1145
19257_AM,1146
19274_AM,1147
19280_AM,1148
19319,1149
19326_AM,1150
19331_AM,1151
20005_AM,1152
20009,1153
20010_AM,1154
20013,1155
20017,1156
20018,1157
20019,1158
20022_AM,1159
20025_AM,1160
20027_AM,1161
20028_AM,1162
20029,1163
20030,1164
20032,1165
20034_AM,1166
20036,1167
20039_AM,1168
20040,1169
20042,1170
20043_AM,1171
2004501,1172
2004502,1173
2004503,1174
2004504,1175
20049,1176
20051,1177
20052_AM,1178
20053,1179
20055,1180
20056_AM,1181
20059,1182
20061,1183
20063,1184
20064,1185
20067,1186
2006901,1187
2006902,1188
2006903,1189
2006904,1190
2006905,1191
2006906,1192
2006907,1193
20071,1194
20072,1195
20073,1196
20074_AM,1197
20075,1198
20076,1199
20077_AM,1200
20079,1201
20080,1202
20081,1203
20902,1204
20903,1205
21002,1206
21005,1207
21006_AM,1208
21007_AM,1209
21008_AM,1210
21010_AM,1211
21011,1212
21013,1213
21014_AM,1214
21021,1215
21023_AM,1216
21025,1217
21029_AM,1218
21035_AM,1219
21040_AM,1220
2104101,1221
2104102,1222
2104103,1223
2104104,1224
2104105,1225
2104106,1226
2104107,1227
2104108,1228
21042,1229
21043_AM,1230
21044,1231
21049_AM,1232
21050,1233
21052_AM,1234
21053_AM,1235
21054,1236
21055,1237
21056_AM,1238
21058_AM,1239
21060,1240
21061,1241
21064,1242
21069_AM,1243
21070,1244
21072,1245
21074_AM,1246
21076_AM,1247
22017_AM,1248
22021_AM,1249
22039_AM,1250
22048,1251
22053_AM,1252
22054_AM,1253
22060_AM,1254
22061,1255
22084_AM,1256
22112_AM,1257
22116_AM,1258
22117_AM,1259
2212501,1260
2212502,1261
2212503,1262
2212504,1263
2212505,1264
2212506,1265
2212507,1266
2212508,1267
22130,1268
22137_AM,1269
22158,1270
22199,1271
22204_AM,1272
22213_AM,1273
22225_AM,1274
22228_AM,1275
22254_AM,1276
22901_AM,1277
22907_AM,1278
23002,1279
23003,1280
23005,1281
23006_AM,1282
23009,1283
23010,1284
23012_AM,1285
23014_AM,1286
23018_AM,1287
23024,1288
23025_AM,1289
23026_AM,1290
23028,1291
23038,1292
23039_AM,1293
23044_AM,1294
2305001,1295
2305002,1296
2305003,1297
2305004,1298
2305005,1299
2305006,1300
2305007_AD,1301
2305009,1302
23053,1303
2305501_AD,1304
2305502_AD,1305
2305504,1306
2305505,1307
2305506,1308
2305507,1309
23058,1310
23059_AM,1311
23060_AM,1312
23061_AM,1313
23063_AM,1314
23066,1315
23067_AM,1316
23069_AM,1317
23070_AM,1318
23073_AM,1319
23074_AM,1320
23079_AM,1321
23082_AM,1322
23086_AM,1323
23087,1324
23088_AM,1325
23092,1326
23093_AM,1327
23094_AM,1328
23095,1329
23096_AM,1330
23097_AM,1331
23099,1332
23902_AM,1333
23903_AM,1334
23904_AM,1335
23905_AM,1336
24008,1337
24010,1338
24014,1339
24015_AM,1340
24021_AM,1341
24030,1342
24034_AM,1343
24038_AM,1344
24039_AM,1345
24056_AM,1346
24065_AM,1347
24070_AM,1348
24083_AM,1349
24088_AM,1350
2408901,1351
2408902,1352
2408903,1353
2408904,1354
2408905,1355
2408906,1356
2408907,1357
2408908_AD,1358
2408910,1359
24092_AM,1360
24094_AM,1361
2411501,1362
2411502,1363
2411503_AD,1364
2411505,1365
24122_AM,1366
24134_AM,1367
24139_AM,1368
24142,1369
24148_AM,1370
24154_AM,1371
24157_AM,1372
24160_AM,1373
24163_AM,1374
24169_AM,1375
24170_AM,1376
24175_AM,1377
24181_AM,1378
24183_AM,1379
24188,1380
24189,1381
24196_AM,1382
24202,1383
24209_AM,1384
24212_AM,1385
24222,1386
24223_AM,1387
25003,1388
25007_AM,1389
25008_AM,1390
25011_AM,1391
25012_AM,1392
25019,1393
25021_AM,1394
25023,1395
25025_AM,1396
25029_AM,1397
25033_AM,1398
25034_AM,1399
25038_AM,1400
25040,1401
25048_AM,1402
25050,1403
25051_AM,1404
25058,1405
25062_AM,1406
25072,1407
25099_AM,1408
25110,1409
25113_AM,1410
25119_AM,1411
2512001,1412
2512002,1413
2512003,1414
2512004,1415
2512005,1416
2512006,1417
2512007,1418
2512008_AD,1419
25122_AM,1420
25137,1421
25158_AM,1422
25171_AM,1423
25172_AM,1424
25173_AM,1425
25189_AM,1426
25192_AM,1427
25193_AM,1428
25203,1429
25204_AM,1430
25207,1431
25209_AM,1432
25217,1433
25223_AM,1434
25228,1435
25234,1436
25240_AM,1437
25243_AM,1438
26002_AM,1439
26005_AM,1440
26011,1441
26018,1442
26021_AM,1443
26026_AM,1444
26036,1445
26042_AM,1446
26047_AM,1447
26059_AM,1448
26061_AM,1449
26064_AM,1450
26071_AM,1451
26084,1452
2608901_AD,1453
2608902,1454
2608903,1455
2608904,1456
2608905,1457
26102,1458
26117_AM,1459
26125_AM,1460
26129_AM,1461
26138,1462
26168,1463
27005_AM,1464
27006_AM,1465
27010,1466
27011_AM,1467
27013_AM,1468
27014_AM,1469
27015,1470
27016,1471
27018_AM,1472
27019,1473
27020_AM,1474
27021_AM,1475
27022,1476
27026_AM,1477
2702801_AD,1478
2702802,1479
2702804_AD,1480
2702805,1481
2702806_AD,1482
27030_AM,1483
27031,1484
27032_AM,1485
27039_AM,1486
27040_AM,1487
27041_AM,1488
27042_AM,1489
27044_AM,1490
27048_AM,1491
27050_AM,1492
27051,1493
27057,1494
27058_AM,1495
27065,1496
27066,1497
27902,1498
28002,1499
28004,1500
2800501,1501
2800502,1502
2800503,1503
2800504,1504
2800505,1505
2800601,1506
2800701,1507
2800702,1508
2800703,1509
2800704,1510
28008_AM,1511
28009,1512
28010,1513
2801301,1514
2801302,1515
2801303,1516
2801304,1517
28014,1518
28015,1519
28018,1520
28022,1521
28023,1522
28026,1523
28027_AM,1524
28030_AM,1525
28031_AM,1526
28032_AM,1527
28033,1528
28038_AM,1529
28040,1530
28041,1531
28043,1532
28044,1533
28045,1534
28046,1535
28047,1536
2804901,1537
2804902,1538
2804903_AD,1539
28050_AM,1540
28052_AM,1541
28053,1542
28054,1543
2805801,1544
2805802,1545
2805803,1546
2805804,1547
2805805,1548
2805806,1549
2805807,1550
2805808,1551
2805809,1552
28059,1553
28060_AM,1554
28061,1555
2806501,1556
2806502,1557
2806503,1558
2806504,1559
28066,1560
28067_AM,1561
28068,1562
28072,1563
28073,1564
2807401,1565
2807402,1566
2807403,1567
2807404,1568
2807405,1569
2807406,1570
2807407,1571
28075,1572
2807901,1573
2807902,1574
2807903,1575
2807904,1576
2807905,1577
2807906,1578
2807907,1579
2807908,1580
2807909,1581
2807910,1582
2807911,1583
2807912,1584
2807913,1585
2807914,1586
2807915,1587
2807916,1588
2807917,1589
2807918,1590
2807919,1591
2807920,1592
2807921,1593
2808001,1594
2808002,1595
28082,1596
28083,1597
28084,1598
28085_AM,1599
28086,1600
28087,1601
28089,1602
28090,1603
28091,1604
2809201,1605
2809202,1606
2809203,1607
2809204,1608
28095_AM,1609
28096,1610
28099_AM,1611
28100,1612
28104,1613
2810601,1614
28108,1615
28110_AM,1616
2811301,1617
2811302,1618
2811501,1619
2811502,1620
28119_AM,1621
2812301,1622
28125_AM,1623
2812701,1624
28129,1625
28130,1626
28131,1627
28132,1628
28133_AM,1629
2813401,1630
28137_AM,1631
28140_AM,1632
28141,1633
28144,1634
28145_AM,1635
2814801,1636
2814802,1637
2814803,1638
2814804,1639
28149,1640
28150,1641
28151_AM,1642
28152,1643
28154,1644
28160,1645
2816101,1646
2816102,1647
28162_AM,1648
28164,1649
28165_AM,1650
28167,1651
28171,1652
28172,1653
28176,1654
28177,1655
28180,1656
28181,1657
28901_AM,1658
28903,1659
29001,1660
29002_AM,1661
29005,1662
29007,1663
29008,1664
29009_AM,1665
29011_AM,1666
29012,1667
29015_AM,1668
29017,1669
29023,1670
2902501,1671
2902502,1672
2902503,1673
29027_AM,1674
29028_AM,1675
29031_AM,1676
29032,1677
29038,1678
29039_AM,1679
29040_AM,1680
29041,1681
29042,1682
29045_AM,1683
29046_AM,1684
29049_AM,1685
2905101,1686
2905102,1687
2905103,1688
2905401,1689
2905402,1690
2905403,1691
2906701,1692
2906702,1693
2906703,1694
2906704,1695
2906705,1696
2906706,1697
2906707,1698
2906708,1699
2906709,1700
2906710,1701
2906711,1702
29068,1703
2906901,1704
2906902,1705
2906903,1706
2906904,1707
2907001,1708
29072,1709
29073_AM,1710
29075,1711
29076_AM,1712
29079_AM,1713
29080,1714
29082_AM,1715
29084_AM,1716
29086_AM,1717
29088_AM,1718
29089_AM,1719
29091,1720
2909401,1721
2909402_AD,1722
2909403,1723
2909404,1724
29095_AM,1725
29097_AM,1726
29100_AM,1727
29901,1728
30001,1729
30002,1730
30003,1731
30005,1732
30007,1733
30008,1734
30009,1735
30010,1736
30011,1737
30012,1738
30013,1739
30014_AM,1740
30015,1741
3001601,1742
3001602,1743
3001603,1744
3001604,1745
3001605,1746
3001606,1747
3001607,1748
3001608,1749
3001609,1750
3001610,1751
30017,1752
30018,1753
30019,1754
30020,1755
30021,1756
30022,1757
30023,1758
3002401,1759
3002402,1760
30025,1761
30026,1762
3002701,1763
30028,1764
30029_AM,1765
3003001,1766
3003002,1767
3003003,1768
3003004,1769
3003005,1770
3003006,1771
3003007,1772
3003008,1773
30033,1774
30035,1775
30036,1776
30037,1777
30038,1778
30039_AM,1779
30041,1780
30042_AM,1781
30043,1782
30901,1783
30902,1784
31010_AM,1785
31015_AM,1786
31016,1787
31019_AM,1788
31023,1789
31029_AM,1790
31036_AM,1791
31038_AM,1792
31041_AM,1793
31042_AM,1794
31050_AM,1795
31060,1796
31067_AM,1797
31070,1798
31072_AM,1799
31076_AM,1800
31077,1801
31078_AM,1802
31084_AM,1803
31086,1804
31088,1805
31092_AM,1806
31097,1807
31098_AM,1808
31104_AM,1809
31108_AM,1810
31122,1811
31138_AM,1812
31142_AM,1813
31149_AM,1814
31157_AM,1815
31163_AM,1816
31165_AM,1817
31169_AM,1818
31176_AM,1819
31191_AM,1820
3120101,1821
3120102,1822
3120103,1823
3120104,1824
3120105,1825
3120106,1826
3120107,1827
3120108,1828
31202,1829
31206_AM,1830
31208_AM,1831
31215,1832
31216_AM,1833
31221_AM,1834
31227,1835
31232,1836
31249_AM,1837
31250_AM,1838
31251_AM,1839
31258,1840
31260_AM,1841
31901,1842
31902,1843
31903,1844
31904_AM,1845
31905_AM,1846
31906_AM,1847
31907,1848
31908_AM,1849
32001_AM,1850
32004_AM,1851
32007_AM,1852
32008_AM,1853
32009,1854
32013_AM,1855
32017_AM,1856
32019,1857
32020_AM,1858
32024,1859
32026_AM,1860
32032,1861
32042_AM,1862
32043_AM,1863
32045_AM,1864
32050_AM,1865
32051_AM,1866
3205401,1867
3205402,1868
3205403,1869
3205404,1870
3205405,1871
32056_AM,1872
32058_AM,1873
32063_AM,1874
32067_AM,1875
32069,1876
32072_AM,1877
32075_AM,1878
32076_AM,1879
32085,1880
32086_AM,1881
32091_AM,1882
33001_AM,1883
33002,1884
3300401,1885
33007_AM,1886
33008_AM,1887
33011,1888
33012,1889
33014,1890
33015_AM,1891
33016,1892
33019_AM,1893
33020_AM,1894
33021,1895
33023_AM,1896
3302401,1897
3302402,1898
3302403,1899
3302404,1900
3302405,1901
3302406,1902
3302407,1903
3302408,1904
3302409,1905
33025,1906
33026_AM,1907
33031,1908
33032,1909
33033,1910
33034,1911
33035,1912
33036,1913
33037,1914
33038_AM,1915
33040_AM,1916
33041,1917
33042,1918
3304401,1919
3304402,1920
3304403,1921
3304404,1922
3304405,1923
3304406,1924
3304407,1925
3304408,1926
3304409,1927
3304410,1928
3304411,1929
3304412,1930
3304413_AD,1931
3304415,1932
3304416,1933
33045,1934
33049,1935
33051_AM,1936
33056,1937
33059,1938
33060,1939
33066,1940
33069_AM,1941
33070_AM,1942
33072_AM,1943
33073,1944
33074_AM,1945
33076,1946
34004_AM,1947
34017_AM,1948
34022_AM,1949
34023,1950
34047_AM,1951
34056_AM,1952
34069_AM,1953
34079_AM,1954
34080,1955
34083_AM,1956
3412001,1957
3412002,1958
3412003,1959
3412004,1960
3412005,1961
3412006,1962
3412007,1963
34123_AM,1964
34157_AM,1965
34199_AM,1966
34225,1967
34232_AM,1968
35001,1969
35002,1970
35003_AM,1971
3500401,1972
3500402,1973
35006,1974
35008,1975
35009,1976
35010,1977
35011,1978
35012,1979
35013,1980
35014,1981
35015,1982
3501601,1983
3501602,1984
3501603,1985
3501604,1986
3501605,1987
35017,1988
35018,1989
3501901_AD,1990
3501902,1991
3501903,1992
3501904,1993
35020,1994
35021,1995
3502203,1996
35023,1997
35024,1998
3502601_AD,1999
3502602,2000
3502603,2001
3502604,2002
3502606,2003
35027,2004
35028,2005
35029,2006
35030,2007
35031,2008
35032_AM,2009
35033,2010
35034,2011
36003_AM,2012
36004,2013
36005,2014
36006,2015
36008,2016
36009_AM,2017
36015,2018
36017,2019
36018_AM,2020
36021,2021
36022,2022
36023,2023
36024,2024
36026,2025
36027,2026
36028,2027
36029,2028
36030_AM,2029
36032_AM,2030
36033,2031
36034_AM,2032
36035,2033
36037_AM,2034
3603801,2035
3603802,2036
3603803,2037
3603804_AD,2038
3603805_AD,2039
36039,2040
36041,2041
36042,2042
36043,2043
36044,2044
36045,2045
36046,2046
36047_AM,2047
36048,2048
36049,2049
36050,2050
36051,2051
36052,2052
36053,2053
36054,2054
36055,2055
36056_AM,2056
3605701,2057
3605702,2058
3605703,2059
3605704,2060
3605705,2061
3605706,2062
3605707,2063
3605708,2064
3605709,2065
36058,2066
36059,2067
36060,2068
36061,2069
36901,2070
36902_AM,2071
37008,2072
37010_AM,2073
37014_AM,2074
37046_AM,2075
37067_AM,2076
37069_AM,2077
37073_AM,2078
37085,2079
37092_AM,2080
37103_AM,2081
37107,2082
37135_AM,2083
37136_AM,2084
37140_AM,2085
37142_AM,2086
37156,2087
37170_AM,2088
37172_AM,2089
37173_AM,2090
37174_AM,2091
37246,2092
3727401,2093
3727402,2094
3727403,2095
3727404,2096
3727405,2097
3727406,2098
37294,2099
37313_AM,2100
37322_AM,2101
37354_AM,2102
37362,2103
37374_AM,2104
37376_AM,2105
38001,2106
38004,2107
38005,2108
3800601,2109
38008,2110
38009,2111
38010,2112
38011,2113
38013_AM,2114
38015_AM,2115
38017,2116
38018,2117
38019,2118
38020_AM,2119
38022,2120
3802301,2121
3802302,2122
3802303,2123
3802304,2124
3802305,2125
3802306,2126
38024,2127
38025,2128
38026,2129
38027,2130
38028,2131
38029_AM,2132
38031,2133
38032,2134
38033_AM,2135
38034,2136
38035_AM,2137
38036_AM,2138
38037,2139
3803801,2140
3803802,2141
3803803,2142
3803804,2143
3803805,2144
3803806,2145
3803807_AD,2146
3803809,2147
3803810,2148
3803811,2149
3803812,2150
38039,2151
38040,2152
38041,2153
38042,2154
38043,2155
38045_AM,2156
38046,2157
38048,2158
38049_AM,2159
38051,2160
38053_AM,2161
39001_AM,2162
39002_AM,2163
39008,2164
39009_AM,2165
39012,2166
39016,2167
39018,2168
39020_AM,2169
39023,2170
39025,2171
39026_AM,2172
39027_AM,2173
39028,2174
39035,2175
39037_AM,2176
39040,2177
39041_AM,2178
39042,2179
39043_AM,2180
39044,2181
39047_AM,2182
39052,2183
39054,2184
39055_AM,2185
39056_AM,2186
39059,2187
39060,2188
39061_AM,2189
39073,2190
39074,2191
3907501,2192
3907502,2193
3907503,2194
3907504,2195
3907505,2196
3907506,2197
3907507,2198
3907508,2199
39076,2200
39078_AM,2201
39079,2202
39080_AM,2203
39082_AM,2204
39085,2205
3908701,2206
3908702_AD,2207
3908703,2208
3908704,2209
39091_AM,2210
39094_AM,2211
39099_AM,2212
39102_AM,2213
40032_AM,2214
40040_AM,2215
40041_AM,2216
40043_AM,2217
40057_AM,2218
40063,2219
40076,2220
40101_AM,2221
40112_AM,2222
40138_AM,2223
40141_AM,2224
40145_AM,2225
40149_AM,2226
40155,2227
40170_AM,2228
40181,2229
4019401_AD,2230
4019403,2231
4019404,2232
4019405,2233
4019406,2234
4019407,2235
40225_AM,2236
40906_AM,2237
4100401,2238
4100403,2239
4100404_AD,2240
41005,2241
41007,2242
41010,2243
41011_AM,2244
41012_AM,2245
41013,2246
41015,2247
41016,2248
41017,2249
41018,2250
41019,2251
41020,2252
41021,2253
41022,2254
41023,2255
41024,2256
41026_AM,2257
41027,2258
41029,2259
41032_AM,2260
41033_AM,2261
41034,2262
41036_AM,2263
4103801,2264
4103802,2265
4103803,2266
4103804,2267
4103805,2268
41039,2269
41040,2270
41041_AM,2271
41042,2272
41044,2273
41045,2274
41046_AM,2275
41047,2276
41048_AM,2277
41049,2278
41050,2279
41051_AM,2280
41053,2281
41055_AM,2282
41056_AM,2283
41058,2284
41059,2285
41060,2286
41064,2287
41065_AM,2288
41067_AM,2289
41068_AM,2290
41069,2291
41070,2292
41071,2293
41072,2294
41074_AM,2295
41075,2296
41076_AM,2297
41077,2298
41079,2299
41080_AM,2300
41081,2301
41082,2302
41084_AM,2303
41085,2304
41086,2305
41087,2306
41089,2307
41090_AM,2308
4109101,2309
4109102,2310
4109103,2311
4109104,2312
4109105,2313
4109106,2314
4109107,2315
4109108,2316
4109109,2317
4109110,2318
4109111,2319
41092,2320
41093,2321
41094,2322
4109501,2323
4109502_AD,2324
4109503,2325
4109505,2326
41096_AM,2327
41098,2328
41099,2329
41101,2330
41102,2331
41902,2332
41903,2333
42020,2334
42025_AM,2335
42035_AM,2336
42043_AM,2337
42069_AM,2338
42094_AM,2339
42095_AM,2340
42134_AM,2341
42162_AM,2342
42173,2343
43004,2344
43005,2345
43009_AM,2346
43012,2347
43013,2348
43014,2349
43016,2350
43019_AM,2351
43026_AM,2352
43028_AM,2353
43037,2354
43038_AM,2355
43042_AM,2356
43043_AM,2357
43044,2358
43047,2359
43050_AM,2360
43051,2361
43052_AM,2362
43054_AM,2363
43055_AM,2364
43060_AM,2365
43064_AM,2366
43086,2367
43090_AM,2368
43092,2369
43093,2370
43094_AM,2371
43100,2372
43108_AM,2373
43109_AM,2374
4312301,2375
4312302,2376
4312303,2377
4312304,2378
4312305,2379
4312306,2380
4312307,2381
4312308,2382
4312309_AD,2383
43126_AM,2384
43128_AM,2385
43129_AM,2386
43131,2387
43133,2388
43136,2389
43137_AM,2390
43138_AM,2391
43139_AM,2392
43140_AM,2393
43145,2394
4314801_AD,2395
4314804,2396
4314805,2397
4314806,2398
4314807,2399
4314808,2400
4314809,2401
43153,2402
43155,2403
43156,2404
43161,2405
43162,2406
43163,2407
43166_AM,2408
43171,2409
43176_AM,2410
43901_AM,2411
43904_AM,2412
43905,2413
43906_AM,2414
43907,2415
44008_AM,2416
44009_AM,2417
44013,2418
44014_AM,2419
44025,2420
44050_AM,2421
44051_AM,2422
44059_AM,2423
44068_AM,2424
44076_AM,2425
44153_AM,2426
44155_AM,2427
44158_AM,2428
44210_AM,2429
44216,2430
44238_AM,2431
44246_AM,2432
45002_AM,2433
45014,2434
45015_AM,2435
45016,2436
45019,2437
45020_AM,2438
45023_AM,2439
45028,2440
45031_AM,2441
45037_AM,2442
45038,2443
45040_AM,2444
45041,2445
45045_AM,2446
45046_AM,2447
45047_AM,2448
45052_AM,2449
45053,2450
45054_AM,2451
45061_AM,2452
45064_AM,2453
45066,2454
45069_AM,2455
45071_AM,2456
45081,2457
45084_AM,2458
45087,2459
45098_AM,2460
45099_AM,2461
45101_AM,2462
45102_AM,2463
45106,2464
45107,2465
45109_AM,2466
45112_AM,2467
45115_AM,2468
45118_AM,2469
45119_AM,2470
45121_AM,2471
45122,2472
45123,2473
45124_AM,2474
45125_AM,2475
45132_AM,2476
45133_AM,2477
45135_AM,2478
45136,2479
45137_AM,2480
45140_AM,2481
45142,2482
45145_AM,2483
45156_AM,2484
45157_AM,2485
45158_AM,2486
45161,2487
45163,2488
4516501,2489
4516502,2490
4516503,2491
4516504,2492
4516801_AD,2493
4516805,2494
4516806,2495
4516807,2496
45173,2497
45176,2498
45181_AM,2499
45185,2500
45187_AM,2501
45197_AM,2502
45199_AM,2503
45200_AM,2504
45201,2505
45202,2506
45203_AM,2507
45205,2508
46001_AM,2509
46005,2510
46006_AM,2511
46007_AM,2512
46008_AM,2513
46011_AM,2514
46013,2515
46014_AM,2516
46015,2517
46016_AM,2518
46017,2519
46019,2520
46020,2521
46021,2522
46022_AM,2523
46029,2524
46031,2525
46032,2526
46035,2527
46039_AM,2528
46042_AM,2529
46044,2530
46048_AM,2531
46051,2532
46054,2533
46060,2534
46062,2535
46070,2536
46072,2537
46074_AM,2538
46077,2539
46078,2540
46081,2541
46082,2542
46083,2543
46085,2544
46093_AM,2545
46094,2546
46097_AM,2547
46098_AM,2548
46102,2549
46105,2550
46106_AM,2551
46109,2552
46110,2553
46111_AM,2554
46113_AM,2555
46116,2556
46118_AM,2557
46122_AM,2558
46126,2559
46127_AM,2560
4613101_AD,2561
4613102,2562
4613104,2563
4613105,2564
4613106,2565
4613107,2566
46132_AM,2567
46134_AM,2568
46135,2569
46139,2570
46143_AM,2571
46145,2572
46147_AM,2573
46150_AM,2574
46156_AM,2575
46157_AM,2576
46159,2577
46160_AM,2578
46164,2579
46165,2580
46166,2581
46169,2582
46170_AM,2583
46171,2584
46172_AM,2585
46173_AM,2586
46177_AM,2587
46178,2588
46179_AM,2589
46181_AM,2590
46183,2591
46184,2592
46186,2593
46190,2594
46191_AM,2595
46193,2596
46194,2597
46199,2598
46200_AM,2599
46202,2600
46203_AM,2601
46204,2602
46205,2603
46207,2604
46211_AM,2605
46213,2606
46214_AM,2607
46216,2608
46218_AM,2609
4622001_AD,2610
4622004_AD,2611
4622006,2612
4622007,2613
46223,2614
46228_AM,2615
46230,2616
46231_AM,2617
46233,2618
46235,2619
46237,2620
46238,2621
4624401,2622
4624402,2623
4624403,2624
4624404,2625
46248,2626
46249,2627
4625001,2628
4625002,2629
4625003,2630
4625004,2631
4625005,2632
4625006,2633
4625007,2634
4625008,2635
4625009,2636
4625010,2637
4625011,2638
4625012,2639
4625013,2640
4625014,2641
4625015,2642
4625016,2643
4625017,2644
4625018,2645
4625019,2646
46254_AM,2647
46255_AM,2648
46256,2649
46257,2650
46258_AM,2651
46261_AM,2652
46903,2653
47004_AM,2654
47007_AM,2655
47010,2656
47023_AM,2657
47030_AM,2658
47050,2659
47052,2660
47071_AM,2661
47075,2662
47076,2663
47085,2664
47086_AM,2665
47090_AM,2666
47101_AM,2667
47104_AM,2668
47112_AM,2669
47114,2670
47129_AM,2671
47139_AM,2672
47155_AM,2673
47161,2674
47165,2675
47173_AM,2676
47175_AM,2677
4718601,2678
4718602,2679
4718603,2680
4718604,2681
4718605,2682
4718606,2683
4718607,2684
4718608,2685
4718609,2686
4718610,2687
4718611,2688
4718612,2689
47197_AM,2690
47214_AM,2691
47217_AM,2692
47231,2693
48001_AM,2694
48002,2695
48003,2696
48011,2697
48012_AM,2698
4801301,2699
4801302,2700
4801303,2701
4801304,2702
4801305,2703
4801306,2704
4801307,2705
4801308,2706
4801309,2707
48015,2708
48016,2709
48017,2710
48018_AM,2711
48019_AM,2712
4802001,2713
4802002,2714
4802003,2715
4802004,2716
4802005,2717
4802006,2718
4802007,2719
4802008,2720
48022_AM,2721
48026_AM,2722
48027,2723
48029,2724
48032,2725
48034,2726
48036,2727
48038_AM,2728
48043,2729
4804401,2730
4804402,2731
4804403,2732
48045_AM,2733
48046,2734
48054,2735
48057,2736
48060_AM,2737
48065_AM,2738
48068_AM,2739
48069,2740
48071_AM,2741
48073,2742
48074,2743
48075_AM,2744
48077_AM,2745
48078,2746
48080,2747
48082,2748
48083,2749
48084,2750
48085,2751
48086_AM,2752
48089_AM,2753
48090,2754
48094_AM,2755
48095_AM,2756
48096,2757
48901,2758
48902,2759
48904_AM,2760
48905_AM,2761
48906_AM,2762
48910_AM,2763
49003_AM,2764
49021,2765
49054_AM,2766
49065_AM,2767
49071_AM,2768
49081_AM,2769
49127_AM,2770
49129_AM,2771
49151_AM,2772
49166_AM,2773
49178_AM,2774
49187_AM,2775
49193_AM,2776
49200_AM,2777
49206_AM,2778
49219_AM,2779
49250_AM,2780
4927501,2781
4927502,2782
4927503,2783
4927504,2784
4927505,2785
50008_AM,2786
50018_AM,2787
50025,2788
50034_AM,2789
50038_AM,2790
50055_AM,2791
50062_AM,2792
50067,2793
50073_AM,2794
50074,2795
50089_AM,2796
50094_AM,2797
50095_AM,2798
50099_AM,2799
50115,2800
50118_AM,2801
50126_AM,2802
50130_AM,2803
50150_AM,2804
50159_AM,2805
50160_AM,2806
50163_AM,2807
50165_AM,2808
50181_AM,2809
50182,2810
50204_AM,2811
50208_AM,2812
50209_AM,2813
50219,2814
50222_AM,2815
50225_AM,2816
50230_AM,2817
50235_AM,2818
50240_AM,2819
50251_AM,2820
50252,2821
50272,2822
50288,2823
5029701,2824
5029702,2825
5029703,2826
5029704,2827
5029705,2828
5029706,2829
5029707,2830
5029708,2831
5029709,2832
5029710,2833
5029711,2834
5029712,2835
50298,2836
50903_AM,2837
5100101,2838
5100102,2839
5100103,2840
5100104,2841
5100105,2842
5100106,2843
5200101_AD,2844
5200102,2845
5200104,2846
5200105,2847
5200106,2848
5200107,2849
5200108,2850
