<?xml version="1.0" encoding="UTF-8"?>
<!-- Created by COPASI version 4.24 (Build 197) on 2020-12-10 10:13 with libSBML version 5.17.0. -->
<sbml xmlns="http://www.sbml.org/sbml/level2/version4" level="2" version="4">
  <model metaid="COPASI0" id="New_Model" name="New Model_1">
    <annotation>
      <COPASI xmlns="http://www.copasi.org/static/sbml">
        <rdf:RDF xmlns:dcterms="http://purl.org/dc/terms/" xmlns:rdf="http://www.w3.org/1999/02/22-rdf-syntax-ns#" xmlns:vCard="http://www.w3.org/2001/vcard-rdf/3.0#">
          <rdf:Description rdf:about="#COPASI0">
            <dcterms:created>
              <rdf:Description>
                <dcterms:W3CDTF>2019-05-24T13:44:22Z</dcterms:W3CDTF>
              </rdf:Description>
            </dcterms:created>
            <dcterms:creator>
              <rdf:Bag>
                <rdf:li>
                  <rdf:Description>
                    <vCard:EMAIL>heiland@iu.edu</vCard:EMAIL>
                    <vCard:N>
                      <rdf:Description>
                        <vCard:Family>Heiland</vCard:Family>
                        <vCard:Given>Randy</vCard:Given>
                      </rdf:Description>
                    </vCard:N>
                    <vCard:ORG>
                      <rdf:Description>
                        <vCard:Orgname>Indiana University</vCard:Orgname>
                      </rdf:Description>
                    </vCard:ORG>
                  </rdf:Description>
                </rdf:li>
              </rdf:Bag>
            </dcterms:creator>
            <dcterms:modified>
              <rdf:Description>
                <dcterms:W3CDTF>2019-05-24T13:44:22Z</dcterms:W3CDTF>
              </rdf:Description>
            </dcterms:modified>
          </rdf:Description>
        </rdf:RDF>
      </COPASI>
      <rdf:RDF xmlns:rdf="http://www.w3.org/1999/02/22-rdf-syntax-ns#" xmlns:dc="http://purl.org/dc/elements/1.1/" xmlns:dcterms="http://purl.org/dc/terms/" xmlns:vCard="http://www.w3.org/2001/vcard-rdf/3.0#" xmlns:bqbiol="http://biomodels.net/biology-qualifiers/" xmlns:bqmodel="http://biomodels.net/model-qualifiers/">
        <rdf:Description rdf:about="#COPASI0">
          <dc:creator>
            <rdf:Bag>
              <rdf:li rdf:parseType="Resource">
                <vCard:N rdf:parseType="Resource">
                  <vCard:Family>Heiland</vCard:Family>
                  <vCard:Given>Randy</vCard:Given>
                </vCard:N>
                <vCard:EMAIL>heiland@iu.edu</vCard:EMAIL>
                <vCard:ORG rdf:parseType="Resource">
                  <vCard:Orgname>Indiana University</vCard:Orgname>
                </vCard:ORG>
              </rdf:li>
            </rdf:Bag>
          </dc:creator>
          <dcterms:created rdf:parseType="Resource">
            <dcterms:W3CDTF>2019-05-24T13:44:22Z</dcterms:W3CDTF>
          </dcterms:created>
          <dcterms:modified rdf:parseType="Resource">
            <dcterms:W3CDTF>2019-05-24T13:44:22Z</dcterms:W3CDTF>
          </dcterms:modified>
        </rdf:Description>
      </rdf:RDF>
    </annotation>
    <listOfUnitDefinitions>
      <unitDefinition id="volume" name="volume">
        <listOfUnits>
          <unit kind="litre" exponent="1" scale="-3" multiplier="1"/>
        </listOfUnits>
      </unitDefinition>
      <unitDefinition id="time" name="time">
        <listOfUnits>
          <unit kind="second" exponent="1" scale="0" multiplier="60"/>
        </listOfUnits>
      </unitDefinition>
      <unitDefinition id="substance" name="substance">
        <listOfUnits>
          <unit kind="mole" exponent="1" scale="-3" multiplier="1"/>
        </listOfUnits>
      </unitDefinition>
    </listOfUnitDefinitions>
    <listOfCompartments>
      <compartment metaid="COPASI1" id="Cell" name="Cell" spatialDimensions="3" size="1" constant="true">
        <annotation>
          <COPASI xmlns="http://www.copasi.org/static/sbml">
            <rdf:RDF xmlns:dcterms="http://purl.org/dc/terms/" xmlns:rdf="http://www.w3.org/1999/02/22-rdf-syntax-ns#">
              <rdf:Description rdf:about="#COPASI1">
                <dcterms:created>
                  <rdf:Description>
                    <dcterms:W3CDTF>2019-05-24T17:25:38Z</dcterms:W3CDTF>
                  </rdf:Description>
                </dcterms:created>
              </rdf:Description>
            </rdf:RDF>
          </COPASI>
        </annotation>
      </compartment>
    </listOfCompartments>
    <listOfSpecies>
      <species metaid="COPASI5" id="Oxy" name="Oxy" compartment="Cell" initialConcentration="38" boundaryCondition="false" constant="false">
        <annotation>
          <COPASI xmlns="http://www.copasi.org/static/sbml">
            <rdf:RDF xmlns:dcterms="http://purl.org/dc/terms/" xmlns:rdf="http://www.w3.org/1999/02/22-rdf-syntax-ns#">
              <rdf:Description rdf:about="#COPASI5">
                <dcterms:created>
                  <rdf:Description>
                    <dcterms:W3CDTF>2019-05-24T16:49:30Z</dcterms:W3CDTF>
                  </rdf:Description>
                </dcterms:created>
              </rdf:Description>
            </rdf:RDF>
          </COPASI>
        </annotation>
      </species>
    </listOfSpecies>
    <listOfParameters>
      <parameter metaid="COPASI6" id="Alpha" name="Alpha" value="2" constant="true">
        <annotation>
          <COPASI xmlns="http://www.copasi.org/static/sbml">
            <rdf:RDF xmlns:dcterms="http://purl.org/dc/terms/" xmlns:rdf="http://www.w3.org/1999/02/22-rdf-syntax-ns#">
              <rdf:Description rdf:about="#COPASI6">
                <dcterms:created>
                  <rdf:Description>
                    <dcterms:W3CDTF>2019-05-24T15:35:14Z</dcterms:W3CDTF>
                  </rdf:Description>
                </dcterms:created>
              </rdf:Description>
            </rdf:RDF>
          </COPASI>
        </annotation>
      </parameter>
    </listOfParameters>
    <listOfReactions>
      <reaction metaid="COPASI17" id="Aerobic_Reaction" name="Aerobic Reaction" reversible="false">
        <annotation>
          <COPASI xmlns="http://www.copasi.org/static/sbml">
            <rdf:RDF xmlns:dcterms="http://purl.org/dc/terms/" xmlns:rdf="http://www.w3.org/1999/02/22-rdf-syntax-ns#">
              <rdf:Description rdf:about="#COPASI17">
                <dcterms:created>
                  <rdf:Description>
                    <dcterms:W3CDTF>2019-05-24T15:30:11Z</dcterms:W3CDTF>
                  </rdf:Description>
                </dcterms:created>
              </rdf:Description>
            </rdf:RDF>
          </COPASI>
        </annotation>
        <listOfReactants>
          <speciesReference species="Oxy" stoichiometry="1"/>
        </listOfReactants>
        <kineticLaw>
          <math xmlns="http://www.w3.org/1998/Math/MathML">
            <apply>
              <times/>
              <ci> Cell </ci>
              <ci> Alpha </ci>
              <ci> Oxy </ci>
            </apply>
          </math>
        </kineticLaw>
      </reaction>
    </listOfReactions>
  </model>
</sbml>
